id,pop,subpop,region,country,continent,latitude,longitude
AP_12,AP,AP,PNW,USA,NAM,45.80877,-121.27622
AP_14,AP,AP,PNW,USA,NAM,45.80877,-121.27622
AP_2,AP,AP,PNW,USA,NAM,45.80877,-121.27622
AP_7,AP,AP,PNW,USA,NAM,45.80877,-121.27622
AP_9,AP,AP,PNW,USA,NAM,45.80877,-121.27622
BJ_1,BJ,BJ,PNW,USA,NAM,48.789608,-122.463926
BJ_12,BJ,BJ,PNW,USA,NAM,48.789608,-122.463926
BJ_16,BJ,BJ,PNW,USA,NAM,48.789608,-122.463926
BJ_17,BJ,BJ,PNW,USA,NAM,48.789608,-122.463926
BJ_5,BJ,BJ,PNW,USA,NAM,48.789608,-122.463926
BJ_8,BJ,BJ,PNW,USA,NAM,48.789608,-122.463926
CB_1,CB,CB,NE,USA,NAM,42.71138,-74.31467
CB_10,CB,CB,NE,USA,NAM,42.71138,-74.31467
CB_11,CB,CB,NE,USA,NAM,42.71138,-74.31467
CB_12,CB,CB,NE,USA,NAM,42.71138,-74.31467
CB_13,CB,CB,NE,USA,NAM,42.71138,-74.31467
CB_14,CB,CB,NE,USA,NAM,42.71138,-74.31467
CB_16,CB,CB,NE,USA,NAM,42.71138,-74.31467
CB_17,CB,CB,NE,USA,NAM,42.71138,-74.31467
CB_18,CB,CB,NE,USA,NAM,42.71138,-74.31467
CB_19,CB,CB,NE,USA,NAM,42.71138,-74.31467
CB_20,CB,CB,NE,USA,NAM,42.71138,-74.31467
CB_3,CB,CB,NE,USA,NAM,42.71138,-74.31467
CB_6,CB,CB,NE,USA,NAM,42.71138,-74.31467
CB_7,CB,CB,NE,USA,NAM,42.71138,-74.31467
CB_8,CB,CB,NE,USA,NAM,42.71138,-74.31467
CB_9,CB,CB,NE,USA,NAM,42.71138,-74.31467
CG_11,CG,CG,PNW,USA,NAM,43.677565,-123.073732
CG_12,CG,CG,PNW,USA,NAM,43.677565,-123.073732
CG_14,CG,CG,PNW,USA,NAM,43.677565,-123.073732
CG_17,CG,CG,PNW,USA,NAM,43.677565,-123.073732
CH_1,CH,CH,NE,USA,NAM,44.59865,-73.17804
CH_10,CH,CH,NE,USA,NAM,44.59865,-73.17804
CH_12,CH,CH,NE,USA,NAM,44.59865,-73.17804
CH_12_1,CH,CH,NE,USA,NAM,44.59865,-73.17804
CH_12_4,CH,CH,NE,USA,NAM,44.59865,-73.17804
CH_15,CH,CH,NE,USA,NAM,44.59865,-73.17804
CH_16,CH,CH,NE,USA,NAM,44.59865,-73.17804
CH_17,CH,CH,NE,USA,NAM,44.59865,-73.17804
CH_17B,CH,CH,NE,USA,NAM,44.59865,-73.17804
CH_6,CH,CH,NE,USA,NAM,44.59865,-73.17804
CH_9,CH,CH,NE,USA,NAM,44.59865,-73.17804
CO_10,CO,CO,NE,USA,NAM,42.67663,-74.42293
CO_11,CO,CO,NE,USA,NAM,42.67663,-74.42293
CO_15,CO,CO,NE,USA,NAM,42.67663,-74.42293
CO_16,CO,CO,NE,USA,NAM,42.67663,-74.42293
CO_18,CO,CO,NE,USA,NAM,42.67663,-74.42293
CO_19,CO,CO,NE,USA,NAM,42.67663,-74.42293
CO_2,CO,CO,NE,USA,NAM,42.67663,-74.42293
CO_20,CO,CO,NE,USA,NAM,42.67663,-74.42293
CO_3,CO,CO,NE,USA,NAM,42.67663,-74.42293
CO_4,CO,CO,NE,USA,NAM,42.67663,-74.42293
CO_6,CO,CO,NE,USA,NAM,42.67663,-74.42293
CO_7,CO,CO,NE,USA,NAM,42.67663,-74.42293
CO_9,CO,CO,NE,USA,NAM,42.67663,-74.42293
DF_1,DF,DF,NE,USA,NAM,43.93722,-73.30215
DF_10,DF,DF,NE,USA,NAM,43.93722,-73.30215
DF_11,DF,DF,NE,USA,NAM,43.93722,-73.30215
DF_14,DF,DF,NE,USA,NAM,43.93722,-73.30215
DF_15,DF,DF,NE,USA,NAM,43.93722,-73.30215
DF_16,DF,DF,NE,USA,NAM,43.93722,-73.30215
DF_2,DF,DF,NE,USA,NAM,43.93722,-73.30215
DF_23,DF,DF,NE,USA,NAM,43.93722,-73.30215
DF_25,DF,DF,NE,USA,NAM,43.93722,-73.30215
DF_27,DF,DF,NE,USA,NAM,43.93722,-73.30215
DF_30,DF,DF,NE,USA,NAM,43.93722,-73.30215
DF_31,DF,DF,NE,USA,NAM,43.93722,-73.30215
DF_5,DF,DF,NE,USA,NAM,43.93722,-73.30215
DR_1,DR,DR,PNW,USA,NAM,43.655301,-123.333033
DR_11,DR,DR,PNW,USA,NAM,43.655301,-123.333033
DR_2,DR,DR,PNW,USA,NAM,43.655301,-123.333033
DR_3,DR,DR,PNW,USA,NAM,43.655301,-123.333033
DR_4,DR,DR,PNW,USA,NAM,43.655301,-123.333033
DR_5,DR,DR,PNW,USA,NAM,43.655301,-123.333033
DR_6,DR,DR,PNW,USA,NAM,43.655301,-123.333033
FC_1,FC,FC,NE,USA,NAM,44.10018,-73.28369
FC_14,FC,FC,NE,USA,NAM,44.10018,-73.28369
FC_19,FC,FC,NE,USA,NAM,44.10018,-73.28369
FC_2,FC,FC,NE,USA,NAM,44.10018,-73.28369
FC_20,FC,FC,NE,USA,NAM,44.10018,-73.28369
FC_21,FC,FC,NE,USA,NAM,44.10018,-73.28369
FC_22,FC,FC,NE,USA,NAM,44.10018,-73.28369
FC_3,FC,FC,NE,USA,NAM,44.10018,-73.28369
FC_5,FC,FC,NE,USA,NAM,44.10018,-73.28369
FC_6,FC,FC,NE,USA,NAM,44.10018,-73.28369
FC_8,FC,FC,NE,USA,NAM,44.10018,-73.28369
FL_1,FL,FL,NE,USA,NAM,42.52917,-76.77743
FL_10,FL,FL,NE,USA,NAM,42.52917,-76.77743
FL_12,FL,FL,NE,USA,NAM,42.52917,-76.77743
FL_15,FL,FL,NE,USA,NAM,42.52917,-76.77743
FL_16,FL,FL,NE,USA,NAM,42.52917,-76.77743
FL_17,FL,FL,NE,USA,NAM,42.52917,-76.77743
FL_20,FL,FL,NE,USA,NAM,42.52917,-76.77743
FL_4,FL,FL,NE,USA,NAM,42.52917,-76.77743
FL_6,FL,FL,NE,USA,NAM,42.52917,-76.77743
FL_7,FL,FL,NE,USA,NAM,42.52917,-76.77743
FL_8,FL,FL,NE,USA,NAM,42.52917,-76.77743
FL_9,FL,FL,NE,USA,NAM,42.52917,-76.77743
FP_1,FP,FP,NE,USA,NAM,42.90015,-74.74652
FP_11,FP,FP,NE,USA,NAM,42.90015,-74.74652
FP_12,FP,FP,NE,USA,NAM,42.90015,-74.74652
FP_16,FP,FP,NE,USA,NAM,42.90015,-74.74652
FP_17,FP,FP,NE,USA,NAM,42.90015,-74.74652
FP_2,FP,FP,NE,USA,NAM,42.90015,-74.74652
FP_3,FP,FP,NE,USA,NAM,42.90015,-74.74652
FP_4,FP,FP,NE,USA,NAM,42.90015,-74.74652
FP_8,FP,FP,NE,USA,NAM,42.90015,-74.74652
FR1_13,FR,FR1,WEU,France,EU,NA,NA
FR1_14,FR,FR1,WEU,France,EU,NA,NA
FR1_16,FR,FR1,WEU,France,EU,NA,NA
FR1_4,FR,FR1,WEU,France,EU,NA,NA
FR1_5,FR,FR1,WEU,France,EU,NA,NA
FR1_9,FR,FR1,WEU,France,EU,NA,NA
FR2_14,FR,FR2,WEU,France,EU,NA,NA
FR3_8,FR,FR3,WEU,France,EU,NA,NA
FR5_11,FR,FR5,WEU,France,EU,NA,NA
FR5_12,FR,FR5,WEU,France,EU,NA,NA
FR6B_10,FR,FR6,WEU,France,EU,NA,NA
FR6B_11,FR,FR6,WEU,France,EU,NA,NA
FR6B_8,FR,FR6,WEU,France,EU,NA,NA
FR6B_9,FR,FR6,WEU,France,EU,NA,NA
GER1_12,GER,GER1,CEU,Germany,EU,NA,NA
GER2A_10,GER,GER2,CEU,Germany,EU,NA,NA
GER2B_12,GER,GER2,CEU,Germany,EU,NA,NA
GER2B_8,GER,GER2,CEU,Germany,EU,NA,NA
GER2B_9,GER,GER2,CEU,Germany,EU,NA,NA
GER3_11,GER,GER3,CEU,Germany,EU,NA,NA
GER3_14,GER,GER3,CEU,Germany,EU,NA,NA
GER3_16,GER,GER3,CEU,Germany,EU,NA,NA
GER4_1,GER,GER4,CEU,Germany,EU,NA,NA
GER4_14,GER,GER4,CEU,Germany,EU,NA,NA
GER4_15,GER,GER4,CEU,Germany,EU,NA,NA
GER4_2,GER,GER4,CEU,Germany,EU,NA,NA
GER4_4,GER,GER4,CEU,Germany,EU,NA,NA
GER4_6,GER,GER4,CEU,Germany,EU,NA,NA
GER4_9,GER,GER4,CEU,Germany,EU,NA,NA
GER5_1,GER,GER5,CEU,Germany,EU,NA,NA
GER5_15,GER,GER5,CEU,Germany,EU,NA,NA
GER5_2,GER,GER5,CEU,Germany,EU,NA,NA
GER5_3,GER,GER5,CEU,Germany,EU,NA,NA
GER5_4,GER,GER5,CEU,Germany,EU,NA,NA
GER5_6,GER,GER5,CEU,Germany,EU,NA,NA
GER6_1,GER,GER6,CEU,Germany,EU,NA,NA
GER6_17,GER,GER6,CEU,Germany,EU,NA,NA
GER6_2,GER,GER6,CEU,Germany,EU,NA,NA
GER6_20,GER,GER6,CEU,Germany,EU,NA,NA
GER6_3,GER,GER6,CEU,Germany,EU,NA,NA
GER6_6,GER,GER6,CEU,Germany,EU,NA,NA
GER6_9,GER,GER6,CEU,Germany,EU,NA,NA
GER7_10,GER,GER7,CEU,Germany,EU,NA,NA
GER7_2,GER,GER7,CEU,Germany,EU,NA,NA
GER7_3,GER,GER7,CEU,Germany,EU,NA,NA
GER7_4,GER,GER7,CEU,Germany,EU,NA,NA
GER7_9,GER,GER7,CEU,Germany,EU,NA,NA
GER8_2,GER,GER8,CEU,Germany,EU,NA,NA
GER8_3,GER,GER8,CEU,Germany,EU,NA,NA
GER8_4,GER,GER8,CEU,Germany,EU,NA,NA
HL_1,HL,HL,PNW,USA,NAM,45.909633,-122.616945
HL_13,HL,HL,PNW,USA,NAM,45.909633,-122.616945
HL_18,HL,HL,PNW,USA,NAM,45.909633,-122.616945
HL_3,HL,HL,PNW,USA,NAM,45.909633,-122.616945
HL_4,HL,HL,PNW,USA,NAM,45.909633,-122.616945
HO_11,HO,HO,PNW,USA,NAM,44.224196,-123.511671
HO_13,HO,HO,PNW,USA,NAM,44.224196,-123.511671
HO_15,HO,HO,PNW,USA,NAM,44.224196,-123.511671
HO_5,HO,HO,PNW,USA,NAM,44.224196,-123.511671
HO_8,HO,HO,PNW,USA,NAM,44.224196,-123.511671
HR_12,HR,HR,PNW,USA,NAM,45.661346,-121.586227
HR_2,HR,HR,PNW,USA,NAM,45.661346,-121.586227
HR_3,HR,HR,PNW,USA,NAM,45.661346,-121.586227
HR_7,HR,HR,PNW,USA,NAM,45.661346,-121.586227
HV_1,HV,HV,NE,USA,NAM,44.66431,-73.19869
HV_12,HV,HV,NE,USA,NAM,44.66431,-73.19869
HV_13,HV,HV,NE,USA,NAM,44.66431,-73.19869
HV_15,HV,HV,NE,USA,NAM,44.66431,-73.19869
HV_16,HV,HV,NE,USA,NAM,44.66431,-73.19869
HV_18,HV,HV,NE,USA,NAM,44.66431,-73.19869
HV_20,HV,HV,NE,USA,NAM,44.66431,-73.19869
HV_21,HV,HV,NE,USA,NAM,44.66431,-73.19869
HV_3,HV,HV,NE,USA,NAM,44.66431,-73.19869
HV_4,HV,HV,NE,USA,NAM,44.66431,-73.19869
HV_7,HV,HV,NE,USA,NAM,44.66431,-73.19869
HV_8,HV,HV,NE,USA,NAM,44.66431,-73.19869
HV_9,HV,HV,NE,USA,NAM,44.66431,-73.19869
IC_1,IC,IC,PNW,USA,NAM,48.23527778,-123.5772222
IC_14,IC,IC,PNW,USA,NAM,48.23527778,-123.5772222
IC_15,IC,IC,PNW,USA,NAM,48.23527778,-123.5772222
IC_4,IC,IC,PNW,USA,NAM,48.23527778,-123.5772222
IC_7,IC,IC,PNW,USA,NAM,48.23527778,-123.5772222
IC_9,IC,IC,PNW,USA,NAM,48.23527778,-123.5772222
IL_1,IL,IL,PNW,USA,NAM,47.168389,-123.113595
IL_15,IL,IL,PNW,USA,NAM,47.168389,-123.113595
IL_2,IL,IL,PNW,USA,NAM,47.168389,-123.113595
IL_4,IL,IL,PNW,USA,NAM,47.168389,-123.113595
IL_7,IL,IL,PNW,USA,NAM,47.168389,-123.113595
JC_1,JC,JC,PNW,USA,NAM,48.16472222,-123.2997222
JC_14,JC,JC,PNW,USA,NAM,48.16472222,-123.2997222
JC_15,JC,JC,PNW,USA,NAM,48.16472222,-123.2997222
JC_17,JC,JC,PNW,USA,NAM,48.16472222,-123.2997222
JC_2,JC,JC,PNW,USA,NAM,48.16472222,-123.2997222
JF_01,JF,JF,NE,USA,NAM,42.49807,-76.2474
JF_11,JF,JF,NE,USA,NAM,42.49807,-76.2474
JF_18,JF,JF,NE,USA,NAM,42.49807,-76.2474
JF_25,JF,JF,NE,USA,NAM,42.49807,-76.2474
JV_1,JV,JV,NE,USA,NAM,42.50268,-76.60673
JV_10,JV,JV,NE,USA,NAM,42.50268,-76.60673
JV_11,JV,JV,NE,USA,NAM,42.50268,-76.60673
JV_12,JV,JV,NE,USA,NAM,42.50268,-76.60673
JV_13,JV,JV,NE,USA,NAM,42.50268,-76.60673
JV_14,JV,JV,NE,USA,NAM,42.50268,-76.60673
JV_16,JV,JV,NE,USA,NAM,42.50268,-76.60673
JV_17,JV,JV,NE,USA,NAM,42.50268,-76.60673
JV_19,JV,JV,NE,USA,NAM,42.50268,-76.60673
JV_2,JV,JV,NE,USA,NAM,42.50268,-76.60673
JV_20,JV,JV,NE,USA,NAM,42.50268,-76.60673
JV_3,JV,JV,NE,USA,NAM,42.50268,-76.60673
JV_4,JV,JV,NE,USA,NAM,42.50268,-76.60673
JV_5,JV,JV,NE,USA,NAM,42.50268,-76.60673
JV_6,JV,JV,NE,USA,NAM,42.50268,-76.60673
JV_7,JV,JV,NE,USA,NAM,42.50268,-76.60673
KR_2,KR,KR,PNW,USA,NAM,44.991536,-123.051
KR_3,KR,KR,PNW,USA,NAM,44.991536,-123.051
KR_5,KR,KR,PNW,USA,NAM,44.991536,-123.051
KR_6,KR,KR,PNW,USA,NAM,44.991536,-123.051
KR_8,KR,KR,PNW,USA,NAM,44.991536,-123.051
LH_1,LH,LH,NE,USA,NAM,42.5831,-74.27177
LH_10,LH,LH,NE,USA,NAM,42.5831,-74.27177
LH_13,LH,LH,NE,USA,NAM,42.5831,-74.27177
LH_14,LH,LH,NE,USA,NAM,42.5831,-74.27177
LH_16,LH,LH,NE,USA,NAM,42.5831,-74.27177
LH_18,LH,LH,NE,USA,NAM,42.5831,-74.27177
LH_19,LH,LH,NE,USA,NAM,42.5831,-74.27177
LH_20,LH,LH,NE,USA,NAM,42.5831,-74.27177
LH_3,LH,LH,NE,USA,NAM,42.5831,-74.27177
LH_5,LH,LH,NE,USA,NAM,42.5831,-74.27177
LH_8,LH,LH,NE,USA,NAM,42.5831,-74.27177
LUX1_14,LUX,LUX1,CEU,Luxembourg,EU,NA,NA
LUX1_15,LUX,LUX1,CEU,Luxembourg,EU,NA,NA
LUX1_19,LUX,LUX1,CEU,Luxembourg,EU,NA,NA
LUX1_3,LUX,LUX1,CEU,Luxembourg,EU,NA,NA
LUX1_4,LUX,LUX1,CEU,Luxembourg,EU,NA,NA
LUX1_5,LUX,LUX1,CEU,Luxembourg,EU,NA,NA
LUX1_6,LUX,LUX1,CEU,Luxembourg,EU,NA,NA
LUX1_8,LUX,LUX1,CEU,Luxembourg,EU,NA,NA
LUX1_9,LUX,LUX1,CEU,Luxembourg,EU,NA,NA
MC_1,MC,MC,NE,USA,NAM,42.54553,-76.26913
MC_10,MC,MC,NE,USA,NAM,42.54553,-76.26913
MC_11,MC,MC,NE,USA,NAM,42.54553,-76.26913
MC_12,MC,MC,NE,USA,NAM,42.54553,-76.26913
MC_13,MC,MC,NE,USA,NAM,42.54553,-76.26913
MC_14,MC,MC,NE,USA,NAM,42.54553,-76.26913
MC_18,MC,MC,NE,USA,NAM,42.54553,-76.26913
MC_19,MC,MC,NE,USA,NAM,42.54553,-76.26913
MC_2,MC,MC,NE,USA,NAM,42.54553,-76.26913
MC_20,MC,MC,NE,USA,NAM,42.54553,-76.26913
MC_4,MC,MC,NE,USA,NAM,42.54553,-76.26913
MC_5,MC,MC,NE,USA,NAM,42.54553,-76.26913
MC_6,MC,MC,NE,USA,NAM,42.54553,-76.26913
MC_8,MC,MC,NE,USA,NAM,42.54553,-76.26913
MP_1,MP,MP,NE,USA,NAM,42.46377,-76.37228
MP_10,MP,MP,NE,USA,NAM,42.46377,-76.37228
MP_11,MP,MP,NE,USA,NAM,42.46377,-76.37228
MP_13,MP,MP,NE,USA,NAM,42.46377,-76.37228
MP_14,MP,MP,NE,USA,NAM,42.46377,-76.37228
MP_15,MP,MP,NE,USA,NAM,42.46377,-76.37228
MP_17,MP,MP,NE,USA,NAM,42.46377,-76.37228
MP_18,MP,MP,NE,USA,NAM,42.46377,-76.37228
MP_20,MP,MP,NE,USA,NAM,42.46377,-76.37228
MP_3,MP,MP,NE,USA,NAM,42.46377,-76.37228
MP_4,MP,MP,NE,USA,NAM,42.46377,-76.37228
MP_8,MP,MP,NE,USA,NAM,42.46377,-76.37228
MP_9,MP,MP,NE,USA,NAM,42.46377,-76.37228
NOR1_1,NOR,NOR1,NEU,Norway,EU,NA,NA
NOR1_11,NOR,NOR1,NEU,Norway,EU,NA,NA
NOR1_6,NOR,NOR1,NEU,Norway,EU,NA,NA
NOR2_1,NOR,NOR2,NEU,Norway,EU,NA,NA
NOR2_11,NOR,NOR2,NEU,Norway,EU,NA,NA
NOR2_3,NOR,NOR2,NEU,Norway,EU,NA,NA
NOR2_6,NOR,NOR2,NEU,Norway,EU,NA,NA
NOR3_1,NOR,NOR3,NEU,Norway,EU,NA,NA
NOR3_10,NOR,NOR3,NEU,Norway,EU,NA,NA
NOR3_13,NOR,NOR3,NEU,Norway,EU,NA,NA
NOR3_15,NOR,NOR3,NEU,Norway,EU,NA,NA
NOR3_16,NOR,NOR3,NEU,Norway,EU,NA,NA
NOR3_3,NOR,NOR3,NEU,Norway,EU,NA,NA
NOR3_8,NOR,NOR3,NEU,Norway,EU,NA,NA
NOR4_11,NOR,NOR4,NEU,Norway,EU,NA,NA
NOR4_14,NOR,NOR4,NEU,Norway,EU,NA,NA
NOR4_4,NOR,NOR4,NEU,Norway,EU,NA,NA
NOR5_15,NOR,NOR5,NEU,Norway,EU,NA,NA
NOR5_3,NOR,NOR5,NEU,Norway,EU,NA,NA
NOR5_5,NOR,NOR5,NEU,Norway,EU,NA,NA
NOR6_1,NOR,NOR6,NEU,Norway,EU,NA,NA
NOR6_2,NOR,NOR6,NEU,Norway,EU,NA,NA
NOR7_16,NOR,NOR7,NEU,Norway,EU,NA,NA
NOR7_3,NOR,NOR7,NEU,Norway,EU,NA,NA
NOR8_13,NOR,NOR8,NEU,Norway,EU,NA,NA
NOR8_15,NOR,NOR8,NEU,Norway,EU,NA,NA
NOR8_3,NOR,NOR8,NEU,Norway,EU,NA,NA
NOR8_4,NOR,NOR8,NEU,Norway,EU,NA,NA
NOR9_10,NOR,NOR9,NEU,Norway,EU,NA,NA
NOR9_11,NOR,NOR9,NEU,Norway,EU,NA,NA
NOR9_16,NOR,NOR9,NEU,Norway,EU,NA,NA
NOR9_4,NOR,NOR9,NEU,Norway,EU,NA,NA
NOR9_5,NOR,NOR9,NEU,Norway,EU,NA,NA
NOR9_6,NOR,NOR9,NEU,Norway,EU,NA,NA
NOR9_7,NOR,NOR9,NEU,Norway,EU,NA,NA
OE_1,OE,OE,PNW,USA,NAM,45.315821,-122.677707
OE_10,OE,OE,PNW,USA,NAM,45.315821,-122.677707
OE_2,OE,OE,PNW,USA,NAM,45.315821,-122.677707
OE_7,OE,OE,PNW,USA,NAM,45.315821,-122.677707
PR_10,PR,PR,NE,USA,NAM,44.50658,-72.97207
PR_12,PR,PR,NE,USA,NAM,44.50658,-72.97207
PR_16,PR,PR,NE,USA,NAM,44.50658,-72.97207
PR_18,PR,PR,NE,USA,NAM,44.50658,-72.97207
PR_19,PR,PR,NE,USA,NAM,44.50658,-72.97207
PR_20,PR,PR,NE,USA,NAM,44.50658,-72.97207
PR_21,PR,PR,NE,USA,NAM,44.50658,-72.97207
PR_22,PR,PR,NE,USA,NAM,44.50658,-72.97207
PR_3,PR,PR,NE,USA,NAM,44.50658,-72.97207
PR_4,PR,PR,NE,USA,NAM,44.50658,-72.97207
PR_6,PR,PR,NE,USA,NAM,44.50658,-72.97207
PR_9,PR,PR,NE,USA,NAM,44.50658,-72.97207
RM_1,RM,RM,NE,USA,NAM,44.42362,-73.00874
RM_10,RM,RM,NE,USA,NAM,44.42362,-73.00874
RM_11,RM,RM,NE,USA,NAM,44.42362,-73.00874
RM_12,RM,RM,NE,USA,NAM,44.42362,-73.00874
RM_15,RM,RM,NE,USA,NAM,44.42362,-73.00874
RM_16,RM,RM,NE,USA,NAM,44.42362,-73.00874
RM_2,RM,RM,NE,USA,NAM,44.42362,-73.00874
RM_3,RM,RM,NE,USA,NAM,44.42362,-73.00874
RM_4,RM,RM,NE,USA,NAM,44.42362,-73.00874
RM_5,RM,RM,NE,USA,NAM,44.42362,-73.00874
RM_52,RM,RM,NE,USA,NAM,44.42362,-73.00874
RM_53,RM,RM,NE,USA,NAM,44.42362,-73.00874
RM_54,RM,RM,NE,USA,NAM,44.42362,-73.00874
RM_56,RM,RM,NE,USA,NAM,44.42362,-73.00874
SE_11,SE,SE,PNW,USA,NAM,42.27916,-123.641852
SE_12,SE,SE,PNW,USA,NAM,42.27916,-123.641852
SE_13,SE,SE,PNW,USA,NAM,42.27916,-123.641852
SE_14,SE,SE,PNW,USA,NAM,42.27916,-123.641852
SE_15,SE,SE,PNW,USA,NAM,42.27916,-123.641852
SH_10,SH,SH,NE,USA,NAM,44.67213,-73.33817
SH_14,SH,SH,NE,USA,NAM,44.67213,-73.33817
SH_15,SH,SH,NE,USA,NAM,44.67213,-73.33817
SH_2,SH,SH,NE,USA,NAM,44.67213,-73.33817
SH_20,SH,SH,NE,USA,NAM,44.67213,-73.33817
SH_21,SH,SH,NE,USA,NAM,44.67213,-73.33817
SH_23,SH,SH,NE,USA,NAM,44.67213,-73.33817
SH_25,SH,SH,NE,USA,NAM,44.67213,-73.33817
SH_4,SH,SH,NE,USA,NAM,44.67213,-73.33817
SH_5,SH,SH,NE,USA,NAM,44.67213,-73.33817
SH_6,SH,SH,NE,USA,NAM,44.67213,-73.33817
SH_7,SH,SH,NE,USA,NAM,44.67213,-73.33817
SH_9,SH,SH,NE,USA,NAM,44.67213,-73.33817
SP1_15,SP_EU,SP1,SEU,Spain,EU,NA,NA
SP1_16,SP_EU,SP1,SEU,Spain,EU,NA,NA
SP1_4,SP_EU,SP1,SEU,Spain,EU,NA,NA
SP1_5,SP_EU,SP1,SEU,Spain,EU,NA,NA
SP2_10,SP_EU,SP2,SEU,Spain,EU,NA,NA
SP2_12,SP_EU,SP2,SEU,Spain,EU,NA,NA
SP2_17,SP_EU,SP2,SEU,Spain,EU,NA,NA
SP2_6,SP_EU,SP2,SEU,Spain,EU,NA,NA
SP3_15,SP_EU,SP3,SEU,Spain,EU,NA,NA
SP5_12,SP_EU,SP5,SEU,Spain,EU,NA,NA
SP5_16,SP_EU,SP5,SEU,Spain,EU,NA,NA
SP6_9,SP_EU,SP6,SEU,Spain,EU,NA,NA
SP_14,SP_NA,SP,NE,USA,NAM,44.36105,-73.19783
SP_16,SP_NA,SP,NE,USA,NAM,44.36105,-73.19783
SP_18,SP_NA,SP,NE,USA,NAM,44.36105,-73.19783
SP_1B,SP_NA,SP,NE,USA,NAM,44.36105,-73.19783
SP_2B,SP_NA,SP,NE,USA,NAM,44.36105,-73.19783
SP_3,SP_NA,SP,NE,USA,NAM,44.36105,-73.19783
SP_3B,SP_NA,SP,NE,USA,NAM,44.36105,-73.19783
SP_4,SP_NA,SP,NE,USA,NAM,44.36105,-73.19783
SP_4B,SP_NA,SP,NE,USA,NAM,44.36105,-73.19783
SP_7,SP_NA,SP,NE,USA,NAM,44.36105,-73.19783
SP_7B,SP_NA,SP,NE,USA,NAM,44.36105,-73.19783
SP_9B,SP_NA,SP,NE,USA,NAM,44.36105,-73.19783
SW1_1,SW ,SW1,WEU,Switzerland,EU,NA,NA
SW1_10,SW ,SW1,WEU,Switzerland,EU,NA,NA
SW1_12,SW ,SW1,WEU,Switzerland,EU,NA,NA
SW1_13,SW ,SW1,WEU,Switzerland,EU,NA,NA
SW1_14,SW ,SW1,WEU,Switzerland,EU,NA,NA
SW1_15,SW ,SW1,WEU,Switzerland,EU,NA,NA
SW1_16,SW ,SW1,WEU,Switzerland,EU,NA,NA
SW1_17,SW ,SW1,WEU,Switzerland,EU,NA,NA
SW1_2,SW ,SW1,WEU,Switzerland,EU,NA,NA
SW1_3,SW ,SW1,WEU,Switzerland,EU,NA,NA
SW1_4,SW ,SW1,WEU,Switzerland,EU,NA,NA
SW1_5,SW ,SW1,WEU,Switzerland,EU,NA,NA
SW1_7,SW ,SW1,WEU,Switzerland,EU,NA,NA
SW1_9,SW ,SW1,WEU,Switzerland,EU,NA,NA
TH_10B,TH,TH,NE,USA,NAM,44.37105,-72.30404
TH_11B,TH,TH,NE,USA,NAM,44.37105,-72.30404
TH_14B,TH,TH,NE,USA,NAM,44.37105,-72.30404
TH_15B,TH,TH,NE,USA,NAM,44.37105,-72.30404
TH_16B,TH,TH,NE,USA,NAM,44.37105,-72.30404
TH_17B,TH,TH,NE,USA,NAM,44.37105,-72.30404
TH_18B,TH,TH,NE,USA,NAM,44.37105,-72.30404
TH_19B,TH,TH,NE,USA,NAM,44.37105,-72.30404
TH_5B,TH,TH,NE,USA,NAM,44.37105,-72.30404
TH_7B,TH,TH,NE,USA,NAM,44.37105,-72.30404
TH_A1,TH,TH,NE,USA,NAM,44.37105,-72.30404
TR_1,TR,TR,PNW,USA,NAM,48.94619,-122.35244
TR_10,TR,TR,PNW,USA,NAM,48.94619,-122.35244
TR_11,TR,TR,PNW,USA,NAM,48.94619,-122.35244
TR_12,TR,TR,PNW,USA,NAM,48.94619,-122.35244
TR_2,TR,TR,PNW,USA,NAM,48.94619,-122.35244
TR_4,TR,TR,PNW,USA,NAM,48.94619,-122.35244
TR_6,TR,TR,PNW,USA,NAM,48.94619,-122.35244
TR_7,TR,TR,PNW,USA,NAM,48.94619,-122.35244
TR_9,TR,TR,PNW,USA,NAM,48.94619,-122.35244
WC_1,WC,WC,PNW,USA,NAM,47.241995,-120.696261
WC_11,WC,WC,PNW,USA,NAM,47.241995,-120.696261
WC_16,WC,WC,PNW,USA,NAM,47.241995,-120.696261
WC_8,WC,WC,PNW,USA,NAM,47.241995,-120.696261
WC_9,WC,WC,PNW,USA,NAM,47.241995,-120.696261
WE_11,WE,WE,PNW,USA,NAM,43.19861111,-123.8413889
WE_12,WE,WE,PNW,USA,NAM,43.19861111,-123.8413889
WE_5,WE,WE,PNW,USA,NAM,43.19861111,-123.8413889
WE_7,WE,WE,PNW,USA,NAM,43.19861111,-123.8413889
WF_1,WF,WF,PNW,USA,NAM,43.760685,-122.527138
WF_2,WF,WF,PNW,USA,NAM,43.760685,-122.527138
WF_4,WF,WF,PNW,USA,NAM,43.760685,-122.527138
WF_5,WF,WF,PNW,USA,NAM,43.760685,-122.527138
WF_6,WF,WF,PNW,USA,NAM,43.760685,-122.527138
WL_1,WL,WL,PNW,USA,NAM,46.501054,-122.936935
WL_2,WL,WL,PNW,USA,NAM,46.501054,-122.936935
WL_3,WL,WL,PNW,USA,NAM,46.501054,-122.936935
WL_6,WL,WL,PNW,USA,NAM,46.501054,-122.936935
WL_8,WL,WL,PNW,USA,NAM,46.501054,-122.936935
WR_10,WR,WR,NE,USA,NAM,44.46829,-73.17772
WR_11,WR,WR,NE,USA,NAM,44.46829,-73.17772
WR_13,WR,WR,NE,USA,NAM,44.46829,-73.17772
WR_14,WR,WR,NE,USA,NAM,44.46829,-73.17772
WR_16,WR,WR,NE,USA,NAM,44.46829,-73.17772
WR_17,WR,WR,NE,USA,NAM,44.46829,-73.17772
WR_18,WR,WR,NE,USA,NAM,44.46829,-73.17772
WR_2,WR,WR,NE,USA,NAM,44.46829,-73.17772
WR_21B,WR,WR,NE,USA,NAM,44.46829,-73.17772
WR_3,WR,WR,NE,USA,NAM,44.46829,-73.17772
WR_6B,WR,WR,NE,USA,NAM,44.46829,-73.17772
WR_7,WR,WR,NE,USA,NAM,44.46829,-73.17772
WR_8,WR,WR,NE,USA,NAM,44.46829,-73.17772
WR_Q,WR,WR,NE,USA,NAM,44.46829,-73.17772
WR_X,WR,WR,NE,USA,NAM,44.46829,-73.17772
WR_Y,WR,WR,NE,USA,NAM,44.46829,-73.17772
WV_10,WV,WV,NE,USA,NAM,42.29273,-76.38383
WV_11,WV,WV,NE,USA,NAM,42.29273,-76.38383
WV_12,WV,WV,NE,USA,NAM,42.29273,-76.38383
WV_14,WV,WV,NE,USA,NAM,42.29273,-76.38383
WV_15,WV,WV,NE,USA,NAM,42.29273,-76.38383
WV_16,WV,WV,NE,USA,NAM,42.29273,-76.38383
WV_2,WV,WV,NE,USA,NAM,42.29273,-76.38383
WV_20,WV,WV,NE,USA,NAM,42.29273,-76.38383
WV_4,WV,WV,NE,USA,NAM,42.29273,-76.38383
WV_8,WV,WV,NE,USA,NAM,42.29273,-76.38383
WV_9,WV,WV,NE,USA,NAM,42.29273,-76.38383
